{
  "Total" : {
    "transaction" : "Total",
    "sampleCount" : 6,
    "errorCount" : 3,
    "errorPct" : 50.0,
    "meanResTime" : 833.3333333333334,
    "medianResTime" : 974.5,
    "minResTime" : 205.0,
    "maxResTime" : 1313.0,
    "pct1ResTime" : 1313.0,
    "pct2ResTime" : 1313.0,
    "pct3ResTime" : 1313.0,
    "throughput" : 2.763703362505758,
    "receivedKBytesPerSec" : 13.650733388991249,
    "sentKBytesPerSec" : 2.341320963841548
  },
  "login-1733304445261" : {
    "transaction" : "login-1733304445261",
    "sampleCount" : 1,
    "errorCount" : 0,
    "errorPct" : 0.0,
    "meanResTime" : 639.0,
    "medianResTime" : 639.0,
    "minResTime" : 639.0,
    "maxResTime" : 639.0,
    "pct1ResTime" : 639.0,
    "pct2ResTime" : 639.0,
    "pct3ResTime" : 639.0,
    "throughput" : 1.5649452269170578,
    "receivedKBytesPerSec" : 8.361147789514867,
    "sentKBytesPerSec" : 1.5343798904538342
  },
  "flights-1733304444843" : {
    "transaction" : "flights-1733304444843",
    "sampleCount" : 1,
    "errorCount" : 0,
    "errorPct" : 0.0,
    "meanResTime" : 223.0,
    "medianResTime" : 223.0,
    "minResTime" : 223.0,
    "maxResTime" : 223.0,
    "pct1ResTime" : 223.0,
    "pct2ResTime" : 223.0,
    "pct3ResTime" : 223.0,
    "throughput" : 4.484304932735426,
    "receivedKBytesPerSec" : 18.61161715246637,
    "sentKBytesPerSec" : 4.795228419282511
  },
  "login-1733304445462" : {
    "transaction" : "login-1733304445462",
    "sampleCount" : 1,
    "errorCount" : 0,
    "errorPct" : 0.0,
    "meanResTime" : 205.0,
    "medianResTime" : 205.0,
    "minResTime" : 205.0,
    "maxResTime" : 205.0,
    "pct1ResTime" : 205.0,
    "pct2ResTime" : 205.0,
    "pct3ResTime" : 205.0,
    "throughput" : 4.878048780487805,
    "receivedKBytesPerSec" : 19.45503048780488,
    "sentKBytesPerSec" : 3.8252667682926833
  },
  "logout-1733304444620" : {
    "transaction" : "logout-1733304444620",
    "sampleCount" : 1,
    "errorCount" : 1,
    "errorPct" : 100.0,
    "meanResTime" : 1310.0,
    "medianResTime" : 1310.0,
    "minResTime" : 1310.0,
    "maxResTime" : 1310.0,
    "pct1ResTime" : 1310.0,
    "pct2ResTime" : 1310.0,
    "pct3ResTime" : 1310.0,
    "throughput" : 0.7633587786259541,
    "receivedKBytesPerSec" : 4.114235448473282,
    "sentKBytesPerSec" : 0.5784828244274809
  },
  "flights-1733304444616" : {
    "transaction" : "flights-1733304444616",
    "sampleCount" : 1,
    "errorCount" : 1,
    "errorPct" : 100.0,
    "meanResTime" : 1310.0,
    "medianResTime" : 1310.0,
    "minResTime" : 1310.0,
    "maxResTime" : 1310.0,
    "pct1ResTime" : 1310.0,
    "pct2ResTime" : 1310.0,
    "pct3ResTime" : 1310.0,
    "throughput" : 0.7633587786259541,
    "receivedKBytesPerSec" : 4.103053435114504,
    "sentKBytesPerSec" : 0.5837010973282443
  },
  "luanch-1733304444620" : {
    "transaction" : "luanch-1733304444620",
    "sampleCount" : 1,
    "errorCount" : 1,
    "errorPct" : 100.0,
    "meanResTime" : 1313.0,
    "medianResTime" : 1313.0,
    "minResTime" : 1313.0,
    "maxResTime" : 1313.0,
    "pct1ResTime" : 1313.0,
    "pct2ResTime" : 1313.0,
    "pct3ResTime" : 1313.0,
    "throughput" : 0.7616146230007617,
    "receivedKBytesPerSec" : 4.104835062833207,
    "sentKBytesPerSec" : 0.5533606245239909
  }
}